# Name, role in Python, historical contact (tab-separated); source app_Main.py:on_about
Juan Pablo Caram	Autor do programa	-
Denis Hayrullin	-	-
Kamil Sopko	-	-
Marius Stanciu	Mantenedor BETA desde 2019	marius_adrian@yahoo.com
David Robertson	-	-
Matthieu Berthomé	-	-
Mike Evans	-	-
Victor Benso	-	-
Jørn Sandvik Nilsson	-	-
Lei Zheng	-	-
Leandro Heck	-	-
Marco A Quezada	-	-
Cedric Dussud	-	-
Chris Hemingway	-	-
Damian Wrobel	-	-
Daniel Sallin	-	-
Bruno Vunderl	-	-
Gonzalo Lopez	-	-
Jakob Staudt	-	-
Mike Smith	-	-
Barnaby Walters	-	-
Steve Martina	-	-
Thomas Duffin	-	-
Andrey Kultyapov	-	-
Alex Lazar	-	-
Chris Breneman	-	-
Eric Varsanyi	-	-
Lubos Medovarsky	-	-
@Idechix	-	-
@SM	-	-
@grbf	-	-
@Symonty	-	-
@mgix	-	-
